data_size,insert_time,query_without_index,query_with_index
100,0.01750802993774414,0.0010071992874145508,0.0008433103561401367
1000,0.10539674758911133,0.0027133941650390623,0.0006897449493408203
5000,0.5186476707458496,0.0071084022521972655,0.0007022619247436523
10000,0.8257019519805908,0.012587928771972656,0.0008781671524047852
50000,3.743389368057251,0.05778272151947021,0.0008115053176879882
100000,6.951353311538696,0.11114468574523925,0.0008103609085083008
1000000,74.25061368942261,1.6812296390533448,0.0007199525833129882
